{"tax_rate":10,"input_price":[10.99,12.99,14.5,15],"tax_included_price":{"10.99":12.089,"12.99":14.289000000000001,"14.50":15.950000000000001,"15.00":16.5}}
